{
  "best": {
    "N_pop": 100000,
    "ad_log_space": true,
    "ad_nboot": 200,
    "ad_p_scattering": 0.15424348296102738,
    "ad_resample_mult": 1.0,
    "ad_stat_scattering": 0.796444061244635,
    "beta": -0.19999999999999996,
    "n_cat_tau": 1500,
    "n_resamp_tau": 1500,
    "pdet_mean": 0.0017701189722540318,
    "pdet_sum": 132.25266889298774,
    "score_mode": "ad_scattering",
    "score_total": 0.796444061244635
  },
  "params": {
    "N_pop": 100000,
    "ad_log_space": true,
    "ad_nboot": 200,
    "ad_resample_mult": 1.0,
    "betas": [
      -1.0,
      -0.8,
      -0.6,
      -0.3999999999999999,
      -0.19999999999999996,
      0.0,
      0.20000000000000018,
      0.40000000000000013,
      0.6000000000000001,
      0.8,
      1.0
    ],
    "catalog_json": "/data/user-data/ssiegel/catalog2/table/20251121/chimefrbcat2.json",
    "dm_hi": 5000.0,
    "dm_lo": 100.0,
    "rng_seed": 12346,
    "snr_cut": 12.0
  },
  "results": [
    {
      "N_pop": 100000,
      "ad_log_space": true,
      "ad_nboot": 200,
      "ad_p_scattering": 0.030448666613765087,
      "ad_resample_mult": 1.0,
      "ad_stat_scattering": 2.5077576215066526,
      "beta": -1.0,
      "n_cat_tau": 1500,
      "n_resamp_tau": 1500,
      "pdet_mean": 0.00219269827976616,
      "pdet_sum": 206.95563443744928,
      "score_mode": "ad_scattering",
      "score_total": 2.5077576215066526
    },
    {
      "N_pop": 100000,
      "ad_log_space": true,
      "ad_nboot": 200,
      "ad_p_scattering": 0.001,
      "ad_resample_mult": 1.0,
      "ad_stat_scattering": 7.431977246335215,
      "beta": -0.8,
      "n_cat_tau": 1500,
      "n_resamp_tau": 1500,
      "pdet_mean": 0.002282583830333617,
      "pdet_sum": 209.93151745961308,
      "score_mode": "ad_scattering",
      "score_total": 7.431977246335215
    },
    {
      "N_pop": 100000,
      "ad_log_space": true,
      "ad_nboot": 200,
      "ad_p_scattering": 0.05403446290764134,
      "ad_resample_mult": 1.0,
      "ad_stat_scattering": 1.8898085680794772,
      "beta": -0.6,
      "n_cat_tau": 1500,
      "n_resamp_tau": 1500,
      "pdet_mean": 0.0019006468946528284,
      "pdet_sum": 167.6028444642757,
      "score_mode": "ad_scattering",
      "score_total": 1.8898085680794772
    },
    {
      "N_pop": 100000,
      "ad_log_space": true,
      "ad_nboot": 200,
      "ad_p_scattering": 0.001,
      "ad_resample_mult": 1.0,
      "ad_stat_scattering": 9.375853367866107,
      "beta": -0.3999999999999999,
      "n_cat_tau": 1500,
      "n_resamp_tau": 1500,
      "pdet_mean": 0.001983252021635337,
      "pdet_sum": 164.02287519732891,
      "score_mode": "ad_scattering",
      "score_total": 9.375853367866107
    },
    {
      "N_pop": 100000,
      "ad_log_space": true,
      "ad_nboot": 200,
      "ad_p_scattering": 0.15424348296102738,
      "ad_resample_mult": 1.0,
      "ad_stat_scattering": 0.796444061244635,
      "beta": -0.19999999999999996,
      "n_cat_tau": 1500,
      "n_resamp_tau": 1500,
      "pdet_mean": 0.0017701189722540318,
      "pdet_sum": 132.25266889298774,
      "score_mode": "ad_scattering",
      "score_total": 0.796444061244635
    },
    {
      "N_pop": 100000,
      "ad_log_space": true,
      "ad_nboot": 200,
      "ad_p_scattering": 0.11482794510056532,
      "ad_resample_mult": 1.0,
      "ad_stat_scattering": 1.0995048482604206,
      "beta": 0.0,
      "n_cat_tau": 1500,
      "n_resamp_tau": 1500,
      "pdet_mean": 0.001673391244728077,
      "pdet_sum": 108.3286556187168,
      "score_mode": "ad_scattering",
      "score_total": 1.0995048482604206
    },
    {
      "N_pop": 100000,
      "ad_log_space": true,
      "ad_nboot": 200,
      "ad_p_scattering": 0.03310453886148826,
      "ad_resample_mult": 1.0,
      "ad_stat_scattering": 2.4167199087607893,
      "beta": 0.20000000000000018,
      "n_cat_tau": 1500,
      "n_resamp_tau": 1500,
      "pdet_mean": 0.0014746529095028204,
      "pdet_sum": 78.83494454202078,
      "score_mode": "ad_scattering",
      "score_total": 2.4167199087607893
    },
    {
      "N_pop": 100000,
      "ad_log_space": true,
      "ad_nboot": 200,
      "ad_p_scattering": 0.001,
      "ad_resample_mult": 1.0,
      "ad_stat_scattering": 7.195792637123512,
      "beta": 0.40000000000000013,
      "n_cat_tau": 1500,
      "n_resamp_tau": 1500,
      "pdet_mean": 0.0012584172826016588,
      "pdet_sum": 52.464674928945755,
      "score_mode": "ad_scattering",
      "score_total": 7.195792637123512
    },
    {
      "N_pop": 100000,
      "ad_log_space": true,
      "ad_nboot": 200,
      "ad_p_scattering": 0.0027598908525631486,
      "ad_resample_mult": 1.0,
      "ad_stat_scattering": 5.278396446411228,
      "beta": 0.6000000000000001,
      "n_cat_tau": 1500,
      "n_resamp_tau": 1500,
      "pdet_mean": 0.0010077804813771612,
      "pdet_sum": 32.225796452997486,
      "score_mode": "ad_scattering",
      "score_total": 5.278396446411228
    },
    {
      "N_pop": 100000,
      "ad_log_space": true,
      "ad_nboot": 200,
      "ad_p_scattering": 0.001,
      "ad_resample_mult": 1.0,
      "ad_stat_scattering": 21.63567940576828,
      "beta": 0.8,
      "n_cat_tau": 1500,
      "n_resamp_tau": 1500,
      "pdet_mean": 0.0007448676332956646,
      "pdet_sum": 17.826172200031845,
      "score_mode": "ad_scattering",
      "score_total": 21.63567940576828
    },
    {
      "N_pop": 100000,
      "ad_log_space": true,
      "ad_nboot": 200,
      "ad_p_scattering": 0.001,
      "ad_resample_mult": 1.0,
      "ad_stat_scattering": 60.86774335364016,
      "beta": 1.0,
      "n_cat_tau": 1500,
      "n_resamp_tau": 1500,
      "pdet_mean": 0.0005632330853636508,
      "pdet_sum": 10.589345237922,
      "score_mode": "ad_scattering",
      "score_total": 60.86774335364016
    }
  ]
}