Label,Model Order (Null),Model Order (Alt),LR Statistic,P-value
1 -> 2,1,2,22067.762726457528,0.0
2 -> 3,2,3,4974.074890078948,0.0
3 -> 4,3,4,1150.2410151287913,0.0
4 -> 5,4,5,405.81439708548714,0.0
5 -> 6,5,6,274.75778331022593,0.0
6 -> 7,6,7,193.8636501339206,2.261427676242267e-05
7 -> 8,7,8,298.73367995978333,8.881350099798624e-10
