Label,Model Order (Null),Model Order (Alt),LR Statistic,P-value
1 -> 2,1,2,28945.41297842306,0.0
2 -> 3,2,3,6121.290444908314,0.0
3 -> 4,3,4,1362.247253096255,0.0
4 -> 5,4,5,654.5858466981445,0.0
5 -> 6,5,6,278.91270023339894,0.0
6 -> 7,6,7,190.80427908088313,4.177249180326026e-05
7 -> 8,7,8,289.5552301653079,7.125879109004529e-09
