Label,Model Order (Null),Model Order (Alt),LR Statistic,P-value
1 -> 2,1,2,18010.24743110084,0.0
2 -> 3,2,3,3978.863479367632,0.0
3 -> 4,3,4,956.328941244923,0.0
4 -> 5,4,5,300.8180004299793,0.0
5 -> 6,5,6,183.1954537385318,2.4195958570061293e-09
6 -> 7,6,7,285.68015941701015,1.5543122344752192e-15
7 -> 8,7,8,261.55429303937126,2.4711635771001994e-06
8 -> 9,8,9,-3358251.0769325537,1.0
9 -> 10,9,10,16075.469411545433,0.0
