predictors,order,snr_cut,sidelobe_cut,n,n_detected,loglik,McFadden_R2,CoxSnell_R2,Nagelkerke_R2,Brier,SumSqPearson,marginalized,cv_brier_mean,cv_brier_std,cv_auc_mean,cv_auc_std,cv_folds
fluence-scattering_time-width-dm,4,15.0,5.0,550319,44487,-93296.08609603452,0.3962846801207981,0.10531337775296323,0.43014860108837016,0.05323409577974618,271313.6296039462,False,0.053284444503888626,0.00018299748957705783,0.9234090023224715,0.00042427535564560975,5
