Label,Model Order (Null),Model Order (Alt),LR Statistic,P-value
1 -> 2,1,2,48.55805806792341,1.6199630525903785e-10
2 -> 3,2,3,322.15182752456167,0.0
3 -> 4,3,4,242.54886667703977,0.0
4 -> 5,4,5,246.61506475924398,0.0
