Label,Model Order (Null),Model Order (Alt),LR Statistic,P-value
1 -> 2,1,2,8106.64127288328,0.0
2 -> 3,2,3,3358.7729473852087,0.0
3 -> 4,3,4,849.5239714441122,0.0
4 -> 5,4,5,136.35947774583474,0.0
